{
  "guid": "a5b6c7d8-e9f0-1234-5678-9abcdef01234",
  "name": "JellyMix",
  "description": "Create segmented playlists with genre weighting",
  "overview": "JellyMix lets you create playlists that evolve over time with different genre mixes for each segment",
  "owner": "Steve Shannon",
  "category": "Music",
  "version": "1.0.0.0",
  "targetAbi": "10.11.0",
  "status": "Active",
  "imageUrl": "https://raw.githubusercontent.com/steveshannon/jellyfin-plugin-jellymix/main/Jellyfin.Plugin.JellyMix/jellyfin-plugin-jellymix.png"
}
